{
  "providers": {
    "awscloudformation": {
      "AuthRoleName": "amplify-amplifydf1cab9fad9f4-staging-151408-authRole",
      "UnauthRoleArn": "arn:aws:iam::575559040672:role/amplify-amplifydf1cab9fad9f4-staging-151408-unauthRole",
      "AuthRoleArn": "arn:aws:iam::575559040672:role/amplify-amplifydf1cab9fad9f4-staging-151408-authRole",
      "Region": "eu-west-1",
      "DeploymentBucketName": "amplify-amplifydf1cab9fad9f4-staging-151408-deployment",
      "UnauthRoleName": "amplify-amplifydf1cab9fad9f4-staging-151408-unauthRole",
      "StackName": "amplify-amplifydf1cab9fad9f4-staging-151408",
      "StackId": "arn:aws:cloudformation:eu-west-1:575559040672:stack/amplify-amplifydf1cab9fad9f4-staging-151408/760704f0-7966-11ed-ac73-02efdd9c2d05",
      "AmplifyAppId": "dg5t04iysr12r"
    }
  },
  "auth": {
    "FunKidsEntertainment": {
      "service": "Cognito",
      "providerPlugin": "awscloudformation",
      "dependsOn": [],
      "customAuth": false,
      "frontendAuthConfig": {
        "socialProviders": [],
        "usernameAttributes": [
          "EMAIL"
        ],
        "signupAttributes": [
          "NAME"
        ],
        "passwordProtectionSettings": {
          "passwordPolicyMinLength": 8,
          "passwordPolicyCharacters": [
            "REQUIRES_LOWERCASE",
            "REQUIRES_NUMBERS",
            "REQUIRES_SYMBOLS",
            "REQUIRES_UPPERCASE"
          ]
        },
        "mfaConfiguration": "OFF",
        "mfaTypes": [
          "SMS"
        ],
        "verificationMechanisms": [
          "EMAIL"
        ]
      },
      "providerMetadata": {
        "s3TemplateURL": "https://s3.amazonaws.com/amplify-amplifydf1cab9fad9f4-staging-151408-deployment/amplify-cfn-templates/auth/FunKidsEntertainment-cloudformation-template.json",
        "logicalId": "authFunKidsEntertainment"
      },
      "lastPushTimeStamp": "2022-12-12T21:35:30.598Z",
      "output": {
        "UserPoolId": "eu-west-1_HqNYwMyaB",
        "AppClientIDWeb": "64c8svi3ug4edb8v57a6b16cqm",
        "AppClientID": "1b0c1luqe44fc7d5seckd0t34t",
        "IdentityPoolId": "eu-west-1:60e64ea1-3323-4ba8-bbf1-0f08a642a158",
        "UserPoolArn": "arn:aws:cognito-idp:eu-west-1:575559040672:userpool/eu-west-1_HqNYwMyaB",
        "IdentityPoolName": "testAuthIdentityPool__staging",
        "UserPoolName": "FunKidsEntertainment"
      },
      "lastPushDirHash": "iMP/3aZRY0KcYqr85pNlS8lF7L8="
    }
  },
  "api": {
    "funkidsentertainment": {
      "service": "AppSync",
      "providerPlugin": "awscloudformation",
      "dependsOn": [
        {
          "category": "auth",
          "resourceName": "FunKidsEntertainment",
          "attributes": [
            "UserPoolId"
          ]
        }
      ],
      "output": {
        "authConfig": {
          "defaultAuthentication": {
            "authenticationType": "AMAZON_COGNITO_USER_POOLS",
            "userPoolConfig": {
              "userPoolId": "authFunKidsEntertainment"
            }
          },
          "additionalAuthenticationProviders": [
            {
              "authenticationType": "API_KEY",
              "apiKeyConfig": {
                "description": "1",
                "apiKeyExpirationDays": 7,
                "apiKeyExpirationDate": "2022-12-19T20:26:17.783Z"
              }
            }
          ]
        },
        "GraphQLAPIIdOutput": "zpca4d432vbhtkwbcjzovyw5vm",
        "GraphQLAPIEndpointOutput": "https://twuttp5kabgr7gipculuuc7hhu.appsync-api.eu-west-1.amazonaws.com/graphql",
        "GraphQLAPIKeyOutput": "da2-ikxbt5wp6rdyjbwvj4cmreihgm"
      },
      "lastPushTimeStamp": "2022-12-12T21:35:38.631Z",
      "providerMetadata": {
        "s3TemplateURL": "https://s3.amazonaws.com/amplify-amplifydf1cab9fad9f4-staging-151408-deployment/amplify-cfn-templates/api/cloudformation-template.json",
        "logicalId": "apifunkidsentertainment"
      },
      "lastPushDirHash": "k3bC4SQgYQu3dpOi/u8kLwXsOuI="
    }
  }
}